Id,Importance
0,0.012987324463405801
1,0.0034660408244246406
2,0.011312745275587302
3,4.6477081447265944E-4
4,0.011546146639541644
5,0.0
6,0.0
7,0.13651189077317005
8,0.12698533182224123
9,0.12934424526228325
10,0.055320949206004055
11,0.08375871814290561
12,0.06640232503107305
13,0.06640232503107305
14,0.08375871814290561
15,0.012851547907871335
16,0.005039833921619156
17,0.011081375825068986
18,0.011081375825068986
19,0.07472018365892309
20,0.09696415143236047
