Id,Importance
0,0.0
1,-0.08108108108108109
2,0.35135135135135137
3,-0.2702702702702703
