Id,Importance
0,0.0
1,0.0
2,-0.0993008428607492
3,-0.10778000830233232
4,0.44034070452084384
5,0.0
6,-0.08735220625181417
7,-0.011016285747225102
8,-0.017274577673683764
9,0.11458810122879812
10,-0.0993008428607492
11,0.0
12,-0.0993008428607492
13,-0.13882110432685782
14,0.004522567062489563
15,-0.015782652112274028
16,0.12226997773199659
17,-0.020305219174763592
18,0.05512366997659765
19,-0.020305219174763592
20,-0.020305219174763592
