Id,Importance
0,-0.06608469552572183
1,0.11576134670928664
2,0.4388167877840262
3,-0.15772494348159952
4,0.0
5,-0.03136483120190093
6,0.05822398454426762
7,-0.03136483120190093
8,-0.12636011227969857
9,-0.12636011227969857
10,-0.12636011227969857
11,-0.12636011227969857
12,0.08958881574616855
13,0.08958881574616855
