Id,Importance
0,0.05235700105119975
1,0.06995086379439917
2,0.11332463374715253
3,0.04934487766932692
4,0.07448638075092803
5,0.02853378355398846
6,0.07448638075092803
7,0.07004749980281007
8,0.1379098153585847
9,0.0
10,0.0
11,6.262257627618409E-4
12,0.06846169220983331
13,0.07541142538341805
14,0.05568940860745544
15,0.08490826557727567
16,0.01503338229591554
17,0.01683707749333076
18,0.012591286190691775
