Id,Importance
0,0.10896149846883146
1,-0.04496300506554621
2,0.06281112817801723
3,0.11602338225413848
4,-0.04496300506554621
5,-0.04496300506554621
6,-0.11030135621302987
7,0.06569778461049304
8,-0.16987074663419027
9,0.05406754857801159
10,-0.04867349763315215
11,0.0561732735875188
